identifier,name,surname,first_name,birthdate,nationality,language
74-93/03,Hsiu,Walsh,Bennett,1985-10-11,Portuguese,Italian
68-52/94,Hanh,Reyes,Elijah,2003-10-16,Costa Rican,Swati
37-41/89,Wilfredo,Stuart,Thresa,2005-02-03,Cuban,Luxembourgish
66-27/19,Everett,Singleton,Alethia,1999-04-17,Colombian,Guaraní
35-07/51,Coreen,Strickland,Elin,1998-02-12,Brazilian,Indonesian
03-77/32,Agustin,Kelly,Denisse,2003-06-12,Colombian,Tetum
20-49/11,Claude,Gill,Elmo,2013-10-12,Cameroonian,Papiamento
08-86/56,Wes,Elliott,Doloris,1983-08-10,German,Spanish
55-16/56,Theo,Luna,Lanie,2013-12-31,Mexican,Māori
87-10/52,Dave,Fry,Hugh,1994-06-30,Danish,West Frisian
92-29/63,Ray,Clayton,Ebonie,2006-06-26,English,Filipino
61-51/56,Luetta,Leon,Lowell,2019-06-14,Egyptian,French
95-55/96,Abe,Holman,Cristie,2015-12-03,Swiss,Pashto
19-10/29,Melida,Colon,Albert,2006-11-07,Guatemalan,Thai
78-61/09,Elisa,Kirkland,Hunter,2008-12-20,Dutch,Romanian
08-32/25,Jerry,White,Suk,2012-11-12,Estonian,Maltese
30-62/68,Herbert,Lowe,Adrien,2017-07-07,Belgian,Arabic
25-04/68,Hugh,Cross,Syreeta,2022-04-06,Greek,Dutch
38-06/50,Veronika,Frye,Ermelinda,1988-07-22,Canadian,Bengali
63-99/26,Azalee,Slater,Donny,2004-01-13,Uruguayan,Oriya
03-07/56,Stacy,Beach,Leonard,1992-01-27,Greek,Assamese
86-84/67,Barry,Barr,Katrice,2015-03-03,Jordanian,Dzongkha
62-58/01,Silas,Townsend,Darell,2002-02-07,Salvadorian,Finnish
24-32/66,Howard,Grimes,Gerry,2005-02-26,Brazilian,Moldovan
84-46/24,Michale,Lamb,Chere,2021-10-29,Colombian,Croatian
46-56/27,Karly,Potter,Anastacia,2006-11-12,Polish,Danish
18-94/70,Mariko,Cortez,Danilo,2005-06-25,Argentinian,Latvian
08-47/43,Grant,Cox,Jadwiga,2019-07-14,Portuguese,Japanese
62-94/43,Johana,Floyd,Delbert,1985-11-06,Bolivian,Hiri Motu
34-88/34,Elayne,Mays,Oretha,1985-07-01,Japanese,Swati
14-10/68,Eliz,Schultz,Cleo,2002-06-02,Uruguayan,Tamil
65-00/95,Long,Daugherty,Rod,2020-09-09,Polish,Marathi
10-43/12,Denese,Waller,Bobette,2003-09-21,Saudi,French
03-20/80,Trent,Myers,Jeromy,1983-02-03,Chilean,Kurdish
65-39/07,Sanora,Banks,Cherlyn,2020-01-25,Danish,Azeri
33-59/74,Damien,Riggs,Samuel,1992-09-25,Argentinian,Persian
55-60/78,Maisha,Freeman,Clelia,2003-04-22,Romanian,Hungarian
45-74/05,Arlinda,Baker,Cecil,2021-03-14,Russian,Gujarati
14-58/12,Dalton,Landry,Paris,1988-06-29,Venezuelan,Indonesian
31-33/50,Hedy,Turner,Blake,1985-10-21,Russian,Irish Gaelic
12-41/10,Darryl,Wolfe,Leontine,1984-12-24,Venezuelan,Icelandic
03-27/72,Elisabeth,Wells,Raymond,1985-04-07,Cuban,Tswana
06-50/91,Particia,Riddle,Shonta,2010-06-02,Cuban,Nepali
68-13/25,Emmett,Hampton,Cherish,1998-01-31,Mexican,Papiamento
47-92/62,Vasiliki,Petersen,Napoleon,2019-12-21,Spanish,Bosnian
70-57/63,Carmine,Patton,Harry,2011-11-26,British,Malayalam
22-75/63,Mauro,Swanson,Amal,2016-12-08,Danish,English
52-09/61,Jessika,Rosales,Cliff,2002-10-30,Salvadorian,Ndebele
10-08/26,Malena,Mosley,Milan,1981-08-28,Swedish,Hungarian
43-27/42,Fredric,Duncan,Delcie,1991-09-30,Danish,Gujarati
63-19/55,Meggan,Bryan,Mason,1990-04-02,Guatemalan,Guaraní
43-10/79,Leonard,Bartlett,Darrick,2006-05-24,Cambodian,Khmer
91-05/37,Harry,Nunez,Karyl,1994-01-03,Colombian,Fijian
75-79/68,Abram,Burton,Marc,2000-02-21,French,Afrikaans
61-09/13,Adah,Briggs,Gerald,1989-10-07,Dutch,Belarusian
26-26/82,Christian,Hughes,Renay,1999-04-22,Israeli,Quechua
07-56/72,Tonda,Parker,Francisco,1982-01-26,Saudi,Moldovan
18-23/80,Brant,Davenport,Gustavo,1991-08-27,Russian,Gagauz
35-87/44,Rufus,Sweeney,Yun,2007-08-14,Argentinian,German
81-87/17,Jacqulyn,Lloyd,Mikki,2019-11-09,Irish,Chinese
36-81/40,Nicol,Sims,Anthony,1992-04-10,Bolivian,Sotho
68-64/90,Ricardo,Vance,Conception,1983-06-21,Venezuelan,Icelandic
17-03/79,Peter,Pennington,Glynda,2010-09-06,French,Fijian
94-52/06,Cole,Spears,Quinton,1986-11-12,Canadian,Guaraní
50-19/85,Phung,Hendricks,Percy,1986-05-31,Estonian,Northern Sotho
29-36/43,Davis,Mckinney,Bryant,1989-01-03,Colombian,Persian
56-01/92,Rubie,Mcdaniel,Rodolfo,2022-11-15,Jordanian,Filipino
53-18/10,Shon,Grant,Hilario,2023-12-24,Spanish,Aymara
62-01/94,Cornell,Alvarado,Armanda,2021-08-29,Ethiopian,Luxembourgish
70-38/29,Davis,Michael,Tony,1980-05-13,Brazilian,Papiamento
07-77/44,Jess,Moore,Frank,1987-05-08,French,Romanian
57-28/30,Pauletta,Bauer,Drew,2009-07-07,Iranian,West Frisian
34-61/14,Britt,Travis,Refugio,2010-08-05,Costa Rican,Montenegrin
93-31/16,Marielle,Puckett,Ladawn,2013-12-11,Australian,Yiddish
43-25/03,Hee,Horne,Barton,1995-01-08,Swiss,Arabic
62-20/24,Krysten,Maxwell,Irish,2015-07-25,Iranian,Swedish
54-08/92,Estefana,Barnes,Calista,1997-07-08,Russian,Malay
23-57/47,Thu,Guerra,Kaycee,2020-03-21,Portuguese,Armenian
53-98/26,Ngan,Shannon,Rea,1985-12-14,Belgian,Dutch
32-11/08,Dong,Jacobson,Temika,2009-04-02,Cameroonian,Russian
39-54/05,Billy,Gillespie,Leonardo,1990-01-02,Costa Rican,Latvian
46-09/51,Latesha,Harrell,Marvis,2009-03-30,Ecuadorian,Italian
32-60/19,Ronnie,Shelton,Shani,1988-09-05,Finnish,Catalan
39-49/22,Kirby,Dillard,Brittaney,1995-07-22,Costa Rican,Japanese
85-65/36,Talisha,Mcleod,Magan,1987-01-13,Puerto Rican,Gujarati
21-33/98,Israel,Rollins,Shaunna,2000-06-26,Polish,Georgian
71-87/55,Chanell,Martin,Forrest,1995-04-10,Portuguese,French
84-84/87,August,Stokes,Alfred,2010-08-29,Ethiopian,Italian
34-60/38,Annika,Dillard,Hisako,1987-07-29,Argentinian,Armenian
44-35/27,Rosette,Robbins,Willis,2023-09-02,Canadian,Dutch
24-72/85,Irmgard,Rios,Alonso,2009-01-06,Cuban,Chinese
21-30/04,Becki,Christensen,Brynn,1988-11-02,Bolivian,Guaraní
06-63/40,Librada,Webb,Donovan,1999-09-25,Greek,Aymara
23-68/00,Pamila,Tyson,Alia,2015-06-03,Romanian,Japanese
66-97/29,Tonisha,Herman,Julius,1987-03-06,Irish,Bengali
92-38/10,Shaunte,Dickson,Tonette,1988-04-23,Danish,Oriya
81-94/37,Ramon,Hale,Jerold,2007-01-11,Egyptian,Punjabi
90-40/26,Dede,Ashley,Courtney,2014-07-07,Mexican,Tajik
65-05/86,Luke,Langley,Maxima,1993-10-08,Dutch,Aymara
39-73/58,Gail,Dorsey,Murray,2006-03-26,Italian,Moldovan
36-29/99,Fritz,Wheeler,Shavonda,2021-08-01,Greek,Polish
99-13/96,Saul,Levine,Eldon,1987-04-08,Salvadorian,Khmer
45-18/89,Hassan,Miller,Marhta,1981-09-21,Danish,Polish
75-20/87,Florencio,Coffey,Bernardo,1990-02-08,Dutch,Croatian
68-62/90,Jann,Mcintosh,Jeni,1989-05-04,Romanian,Māori
98-38/79,Assunta,Reid,Cody,2023-12-11,Australian,Zulu
24-58/11,Erik,Rose,Bradley,2023-09-16,Latvian,Chinese
03-73/47,Lorina,Drake,Dewey,2004-04-11,Belgian,Russian
40-41/89,Le,Mccall,Lester,2009-07-30,Uruguayan,Moldovan
90-91/56,Edmund,Webster,Alberto,2002-06-11,Dominican,Lao
46-21/60,Alphonse,Donovan,Craig,1991-06-04,Portuguese,Bislama
45-66/73,Omega,Diaz,Lawrence,1990-01-21,English,Tetum
12-51/78,Jame,Briggs,Winston,1996-12-16,Italian,Gujarati
69-39/29,Concha,Randall,Meggan,2011-06-07,Finnish,Hiri Motu
01-53/51,Wade,Warner,Britt,2010-02-13,Mexican,Pashto
80-15/30,Tamatha,Santana,Tory,2012-03-31,Uruguayan,Montenegrin
34-94/88,Lean,Giles,Margrett,1980-10-11,Uruguayan,Khmer
06-47/93,Roseline,Pruitt,Alejandro,1988-06-16,Colombian,Gujarati
84-67/40,Annamae,Decker,Ranae,2021-11-15,Latvian,Maltese
33-88/88,Allegra,Mcknight,Glen,1995-02-06,Dominican,West Frisian
57-39/92,Bernetta,Mcleod,Hisako,1986-05-15,Spanish,Quechua
18-17/68,Lakita,Puckett,Refugio,2020-11-20,Ethiopian,Tajik
27-75/69,Britt,Boone,Lou,1999-02-19,Canadian,Aymara
33-44/94,Dane,Chase,Walton,1987-11-20,Chinese,Malay
49-21/72,Franklin,Watkins,Bryce,2000-03-29,Puerto Rican,Quechua
93-31/43,Mika,Holt,Elroy,2011-01-12,Polish,Estonian
00-54/13,Odelia,Sullivan,Voncile,2007-09-03,Salvadorian,Burmese
58-26/25,Donald,Brooks,Graham,1986-08-08,Jordanian,Dhivehi
93-57/54,Dean,Rich,Mac,1996-03-13,Latvian,Norwegian
43-48/96,Nelia,Mcknight,Madelaine,2018-11-24,Afghan,Khmer
54-98/55,Michal,Alston,Treasa,1982-12-03,French,Swahili
61-88/57,Nicolas,Murray,Ashli,2006-02-10,Puerto Rican,Portuguese
86-13/06,Monte,Gallagher,Jefferson,1992-05-15,Polish,Aymara
06-75/80,Sha,Sawyer,Dwight,2023-09-22,Salvadorian,Tamil
81-79/90,Keven,Black,Penni,1981-06-01,Guatemalan,Filipino
02-55/46,Wilmer,Haley,Chance,1984-04-29,Mexican,Gujarati
72-18/14,Neil,Mcmahon,Dennis,1980-12-10,Argentinian,Italian
27-98/84,Ross,Flores,Shu,2013-03-31,Argentinian,Malay
25-22/67,Ed,Cummings,Calvin,2002-06-07,British,Albanian
35-84/11,Priscila,Vazquez,Jean,1984-09-27,Irish,Moldovan
99-33/03,Dirk,Steele,Concha,2011-04-06,Finnish,Kyrgyz
81-97/89,Elsy,Allison,Franklin,2012-08-24,Spanish,Haitian Creole
69-68/20,Idell,Gilbert,Lynetta,2014-09-19,Colombian,Telugu
71-07/62,Winston,Blair,Rhett,1998-05-14,Mexican,Hiri Motu
42-49/71,Jacelyn,Tucker,Gale,1991-05-10,Guatemalan,Tswana
03-24/08,Kali,Kemp,Dan,2012-07-04,Swedish,Greek
17-21/46,Oscar,Small,Octavio,2003-09-29,Spanish,Hebrew
29-74/98,Galen,Booth,Jessie,2007-11-13,Canadian,Azeri
65-21/39,Neville,Roman,Tommy,1983-04-19,Cuban,Kyrgyz
58-61/62,Micheal,Gilmore,George,2000-05-23,Polish,Bosnian
63-84/02,Madaline,Barry,Kasey,1993-07-07,Swiss,Kannada
58-22/66,Beaulah,Trujillo,Edison,1982-08-15,Argentinian,Bislama
14-97/02,Shon,Nash,Laurence,1997-01-04,Japanese,Polish
36-68/99,Malcolm,Lucas,Noble,2018-04-15,Jordanian,Gujarati
14-52/86,Ronald,Alford,Horace,1990-05-28,British,Dhivehi
50-53/88,Jarod,Cross,Sherilyn,2000-02-07,Dominican,Tajik
18-52/35,Carylon,Mcintyre,Sean,1984-05-13,Israeli,Bengali
21-55/95,Douglas,Burnett,Jenette,2002-08-02,Estonian,Icelandic
01-96/87,Logan,Kidd,Theresia,1987-09-26,British,Gagauz
21-88/00,Jae,Ayala,Emely,2006-08-19,Canadian,Lithuanian
91-09/15,Tyler,Pacheco,Meridith,2000-11-25,Belgian,Kashmiri
27-67/99,Genia,Tucker,Edyth,2005-01-12,Swedish,West Frisian
30-17/09,Jan,Snider,Amina,2010-07-03,Portuguese,Nepali
40-52/20,Emory,Walter,Jules,2002-08-19,Latvian,Dari
34-59/45,Wilfredo,Scott,Elenora,1988-10-31,British,Swati
55-96/64,Giovanni,Maynard,Zofia,2022-08-21,Swiss,Yiddish
00-70/59,Hank,Rowe,Letty,2014-10-21,Italian,Dhivehi
97-17/84,Beau,Kirby,Zachery,2021-02-11,Swiss,English
89-10/51,Chae,Jacobson,Hiram,2007-04-25,Brazilian,Arabic
95-22/14,Giuseppina,Franco,Debera,1999-07-16,Puerto Rican,Dhivehi
46-32/68,Eugena,Marshall,Don,2004-03-03,Colombian,Polish
92-05/82,Gonzalo,Singleton,Corrin,2023-05-24,Greek,Lithuanian
51-93/17,Billi,Riley,Todd,2007-07-08,Canadian,German
95-09/52,Theron,England,Ned,1981-08-28,British,Tamil
69-07/55,Kareem,Phelps,Darnell,1995-02-22,German,Lithuanian
63-47/75,Erick,Stevens,Gabriel,1987-10-03,Puerto Rican,Aymara
26-77/73,Ruthanne,Phillips,Donny,1997-09-07,Japanese,Italian
57-42/68,Jarred,Henson,Maxima,1997-05-09,Australian,Māori
98-15/15,Johnathon,Mueller,Marshall,2017-06-12,Latvian,Gagauz
66-80/08,Vaughn,Camacho,Pei,1995-12-18,Greek,Tajik
77-82/80,Bethann,Mason,Lilliam,2011-05-14,Costa Rican,Tamil
24-29/18,Carter,Lindsay,Jeanene,1982-10-27,Swiss,French
14-96/76,Ernie,Martinez,Takisha,1986-11-15,Cambodian,Tswana
87-99/44,Kamala,Barlow,Serita,1995-01-02,Venezuelan,Finnish
10-01/50,Weldon,Mcintyre,Margaretta,2005-12-31,Dutch,Māori
92-64/15,Quinn,Burgess,Brice,2012-01-16,Ethiopian,Khmer
31-59/05,Filiberto,Blair,Troy,1983-08-06,Chilean,Romanian
66-41/12,Ned,Moore,Isaias,2008-06-12,Portuguese,Northern Sotho
80-94/71,Silas,Tran,Josh,1990-05-16,Chinese,Haitian Creole
74-98/43,Dorla,Charles,Fransisca,1987-11-01,Italian,Swati
12-64/54,Angelika,Gray,Marna,1988-12-21,Brazilian,Assamese
38-71/73,Norman,Silva,Shea,2014-12-15,Bolivian,Azeri
45-86/36,Dagny,Riley,Kathline,2001-10-06,Salvadorian,Swati
21-60/95,Darnell,Everett,Emeline,1991-01-12,Ethiopian,Malagasy
38-49/12,Josiah,Carney,Jackeline,2002-10-05,Jordanian,Filipino
48-87/11,Thalia,Benton,Tammara,1988-06-03,Costa Rican,Dhivehi
62-34/13,Nathan,Barnett,Horacio,2022-08-09,Brazilian,Yiddish
18-78/18,Ulysses,Carey,Andrew,2009-12-01,Afghan,German
24-87/23,Chantay,Ellis,Alessandra,2011-07-02,Ecuadorian,Burmese
96-97/84,Grant,Sims,Kimbery,1986-03-25,Japanese,Bosnian
85-22/74,Mary,Turner,Nelia,1990-11-04,Mexican,Afrikaans
23-14/17,Paris,Guerra,Phylicia,1986-08-22,Ecuadorian,Georgian
75-01/42,Layla,Camacho,Makeda,1995-02-10,Colombian,Icelandic
21-39/01,Layla,Solomon,Wilton,2010-01-27,Romanian,Catalan
36-02/44,Ozie,Oliver,Shawn,1995-10-29,Greek,Spanish
29-16/86,Kendall,Booth,Danilo,2015-12-11,Costa Rican,Norwegian
33-68/79,Gia,Benjamin,Reagan,1997-01-04,Bolivian,Luxembourgish
80-42/36,Neal,Wynn,Lavona,1985-01-01,French,Northern Sotho
20-54/53,Cleo,Ewing,Graham,2019-08-07,British,English
54-10/40,Bradley,Guerrero,Shizuko,1990-11-20,Taiwanese,Māori
88-64/62,Seema,Gibbs,Wiley,2017-07-31,Bolivian,Bosnian
90-90/60,Jacelyn,O'neal,Alonzo,2015-06-18,Egyptian,Armenian
38-80/41,Micheal,Moore,Matha,1997-01-22,Ecuadorian,Georgian
77-60/20,Raymond,Christian,Milda,2002-03-13,Chinese,Tajik
60-27/85,Dewey,Warren,Beau,2002-06-26,Bolivian,Fijian
61-07/04,Tonita,Whitley,Ned,2008-02-12,Saudi,Haitian Creole
23-36/33,Jay,Pitts,Lyman,1990-12-05,Puerto Rican,Malay
47-60/35,Edwardo,Langley,Elane,1980-05-24,Brazilian,Burmese
92-81/57,Cleveland,Montoya,Terrell,2010-04-06,Egyptian,Nepali
40-24/05,Loree,Bradshaw,Daron,1983-09-01,Danish,French
44-26/42,Nga,Noel,Merlin,1984-02-21,Egyptian,Sotho
36-62/03,Dalene,Luna,Jaime,2009-02-17,Uruguayan,Russian
65-14/36,Donya,Branch,Anibal,2021-04-04,Uruguayan,Hindi
04-57/29,Jarred,Cole,Celinda,1991-09-04,Israeli,Hiri Motu
72-07/82,Corie,Lowery,Lurlene,1991-12-19,Dutch,Assamese
69-37/01,Emerita,Rhodes,Kary,1987-08-09,Canadian,Montenegrin
04-46/07,Eleonore,Hopper,Collen,2019-12-28,Cameroonian,Tamil
64-52/71,Fabian,Carr,Mandie,2003-10-14,Colombian,Burmese
55-75/77,Amiee,Travis,Paris,1990-04-25,Danish,Azeri
89-05/71,Quentin,Mcmillan,Lenard,2018-01-29,Chilean,Catalan
84-92/90,Dean,Mooney,Tynisha,1983-04-27,Jordanian,Somali
09-24/14,Todd,Maldonado,Earle,2022-11-07,Argentinian,Irish Gaelic
42-27/08,Jim,Hammond,Cheree,2009-07-20,Chilean,Montenegrin
89-31/55,Ja,Ryan,Shyla,2008-02-27,Salvadorian,Azeri
09-66/17,Joane,Vasquez,Chas,1996-09-22,Portuguese,Swahili
50-64/96,Louvenia,Graham,Rudolph,1997-04-17,Irish,Dzongkha
34-42/09,Jeff,Dyer,Omar,2003-12-01,British,Khmer
40-50/48,Lavona,Little,Levi,2017-05-06,Argentinian,Māori
94-66/51,Buford,Tanner,Kennith,1984-02-05,Spanish,Sotho
62-24/66,Luise,Wong,Nicolas,2004-03-14,Swedish,Indonesian
78-21/20,Synthia,O'donnell,Leontine,2019-02-08,Colombian,Tswana
43-29/51,Eura,Higgins,Stormy,2006-06-08,Chilean,Finnish
99-33/23,Manie,Emerson,Mikaela,1985-08-03,German,Dari
17-41/47,Zachary,Dixon,Fermina,2009-04-03,Japanese,Norwegian
50-91/49,Ramon,Adams,Scott,2003-03-29,Iranian,Khmer
16-75/08,Toney,Beard,Leia,1987-09-16,Canadian,Tswana
06-68/16,Layne,Carroll,Dannie,2004-12-21,German,Tamil
32-86/19,Barbar,Barnett,Isaiah,1994-12-13,Ukrainian,Guaraní
05-78/65,Delisa,Ray,Jimmy,1988-11-19,English,Gujarati
78-13/61,Sanford,Mason,Ai,1998-01-27,Polish,Russian
14-86/92,Kurtis,Clements,Jona,2010-02-25,Italian,Icelandic
20-11/53,Emmett,Cole,Lyndon,1984-06-21,Russian,Afrikaans
30-42/36,Scot,Figueroa,Jayson,2017-02-04,Dutch,Thai
24-02/00,Patrick,Guerra,Rozella,1990-02-03,Swedish,Azeri
41-63/81,Santo,Rich,Nestor,2004-03-11,Cuban,Azeri
94-20/08,Winford,Pittman,Britta,1984-08-23,Polish,Norwegian
90-71/16,Alva,Buchanan,Denisse,1986-11-23,Ecuadorian,Chinese
65-96/84,Frederick,Morgan,Donn,1989-10-24,Spanish,Japanese
40-35/07,Caprice,Davenport,Lanie,2010-10-01,Canadian,Portuguese
62-01/07,Ruben,Kirk,Carmelo,2010-04-13,German,Fijian
44-11/58,Laverna,Strong,Shonna,2005-06-04,Estonian,Kazakh
81-14/26,Alise,Fleming,Anderson,1984-11-29,Egyptian,Spanish
28-38/35,Andres,Fulton,Edwin,2005-05-27,Bolivian,Hindi
96-94/58,Shila,Stephens,Napoleon,2014-01-20,Chilean,Montenegrin
83-05/23,Morgan,House,Gerald,1985-01-17,Mexican,Spanish
89-12/52,Gustavo,Warner,Kip,1989-05-04,Romanian,Tsonga
08-27/26,Geoffrey,Harmon,Elliott,1983-02-20,British,Norwegian
00-86/31,Regan,Douglas,Mallie,2022-12-06,Afghan,Malayalam
56-66/93,Sam,Ellis,Eufemia,2013-01-03,Russian,Estonian
08-93/36,Lance,Chase,Louis,2005-01-08,Chinese,Kurdish
25-61/56,Lenard,Joyce,Jesusa,2007-09-07,Italian,Tajik
87-55/16,Guy,Hodge,Vinnie,1982-09-11,Ukrainian,Indonesian
54-56/86,Ping,Ellis,Buck,2008-08-10,Italian,Japanese
71-42/57,Joshua,Meadows,Jeanett,1994-02-10,Colombian,Hindi
65-62/28,Thaddeus,Ryan,Lenita,2019-09-19,Iranian,Malayalam
95-68/66,Zulema,Mckay,Mitzie,2019-02-20,German,Kannada
34-77/25,Angelika,Guzman,Kent,2001-06-20,Colombian,Malagasy
74-61/05,Seymour,Lindsay,Minta,1987-03-30,Venezuelan,Kyrgyz
97-55/01,Kristeen,Jefferson,Signe,2011-07-26,Belgian,Spanish
07-01/63,Carl,Romero,Malik,2021-04-29,Argentinian,Portuguese
92-99/20,Wyatt,Mullins,Shandi,2001-07-17,Irish,Polish
42-10/24,Melida,Simmons,Kera,2000-05-28,Latvian,Gagauz
11-41/03,Marin,Whitaker,Jenell,1995-08-15,Canadian,Estonian
73-44/67,Anastacia,Zimmerman,Calandra,2022-02-25,Jordanian,Albanian
86-77/79,Winford,Ramsey,Efren,2020-06-19,Colombian,Montenegrin
36-89/64,Luciano,Lindsey,Earl,1992-07-18,Polish,Kashmiri
07-82/00,Torri,Cruz,Jerrell,1987-01-04,Mexican,Italian
33-26/94,Vinita,Elliott,Walter,1986-06-27,Afghan,Danish
32-72/10,Jame,Farmer,Brock,2002-05-05,Belgian,Czech
59-18/11,Mckinley,Murphy,Britteny,1982-12-25,French,Georgian
29-42/60,Junior,Mccarthy,Etsuko,2020-08-14,Taiwanese,West Frisian
66-73/48,France,Decker,Cody,2019-12-03,Danish,Spanish
50-69/80,Diego,Burgess,Alica,2007-03-29,Costa Rican,Portuguese
70-23/54,Jackie,Patel,Clementina,2009-05-14,Brazilian,West Frisian
90-55/26,Casey,Frederick,Nichol,1986-04-09,Iranian,Swati
60-13/59,Voncile,Merrill,Benedict,2017-04-24,Taiwanese,Moldovan
16-19/66,Dion,Shaffer,Santana,1998-05-09,Mexican,Arabic
82-08/59,Aaron,Curry,Rayford,1998-04-07,British,Malayalam
00-03/01,Kellye,Bean,Chantell,2019-03-05,Swedish,Icelandic
14-49/08,Clemmie,Sloan,Angel,2011-12-04,Taiwanese,Arabic
71-93/88,Marvin,Pope,Iesha,2012-12-03,Portuguese,Armenian
08-88/48,Francis,Bentley,China,2012-03-24,Ecuadorian,Gagauz
42-24/90,Aurore,Watkins,Yer,1990-06-29,Ethiopian,Norwegian
55-91/66,Robt,Dunn,Theodore,1987-07-23,Dutch,Tajik
29-59/24,Dwight,Callahan,Micki,2014-03-03,Puerto Rican,Dari
08-22/53,Glendora,Knapp,Parker,1983-03-02,Ethiopian,Georgian
31-03/94,Laverne,Skinner,Neil,1994-06-02,Swiss,Dutch
08-15/66,Nubia,Chambers,Danae,1989-04-03,Puerto Rican,Tamil
23-86/05,Rex,Dodson,Branda,1991-08-13,Ukrainian,Estonian
16-33/49,Alonso,Contreras,Gayle,1991-09-30,Swiss,Maltese
21-83/12,Georgiann,Justice,Corrinne,2010-03-11,Belgian,Bulgarian
37-97/00,Aundrea,Black,Gia,1996-09-26,Danish,Aymara
82-67/89,Yasuko,Higgins,Sanford,1994-04-01,Saudi,Lithuanian
01-22/00,Lino,Rios,Lisabeth,2018-04-14,Ethiopian,Georgian
55-45/85,Madlyn,Navarro,Micheal,1991-11-04,Polish,Irish Gaelic
81-97/92,Kennith,Nolan,Albert,1992-11-17,Swedish,Greek
16-63/67,Regan,Hart,Marquis,1986-09-05,Ecuadorian,Croatian
73-60/61,Maurice,Orr,Hoyt,1982-10-04,Spanish,Portuguese
29-92/19,Marco,Chavez,Analisa,2007-08-07,Ukrainian,Khmer
30-66/07,Drew,Cochran,Fredericka,2013-03-07,Jordanian,Belarusian
31-47/71,Jeremiah,Gibson,Masako,1999-12-19,Egyptian,Zulu
35-47/57,Carlos,Rhodes,Elane,2003-02-18,Cambodian,Khmer
88-19/65,Elliott,Daniel,Pei,2022-09-27,Colombian,English
65-50/36,Sammy,Potts,Barrett,1994-05-23,Romanian,Kyrgyz
17-78/74,Marion,Hodges,Winfred,2000-10-25,Uruguayan,Thai
54-20/73,Asley,Little,Cristie,2014-03-04,Canadian,Assamese
30-77/88,Tomas,Mcintyre,Ashli,2000-05-19,Iranian,Sotho
13-57/72,Odis,Bray,Fernande,1980-02-01,Brazilian,Amharic
16-52/93,Shandra,Simon,Erin,2021-06-03,Russian,Polish
00-60/57,Gwenn,Greene,Hiram,1998-05-15,Danish,Dutch
76-65/09,Buena,Ware,Ricki,2009-08-11,Salvadorian,Assamese
96-50/00,Taren,Ruiz,Owen,1980-06-02,Chilean,Luxembourgish
44-76/56,Kiesha,Randolph,Etha,2008-06-29,Mexican,Bulgarian
01-00/67,Wilburn,Cabrera,Damian,2019-09-13,Spanish,Russian
82-51/68,Michale,Lewis,Terresa,2007-02-09,Spanish,Hebrew
89-48/63,Horacio,Herman,Camie,2023-07-23,Swiss,Malay
86-39/88,Gerald,Young,Gearldine,2016-01-24,Salvadorian,Telugu
56-38/98,Boris,Dean,Barney,2008-02-20,Uruguayan,Papiamento
12-96/09,Wilford,Bush,Ruthe,2011-03-25,Bolivian,German
10-84/29,Hue,Caldwell,Salvador,1984-03-12,Australian,Dari
52-61/60,Bruna,Alston,Neoma,2018-02-16,Romanian,Hungarian
40-41/82,Bennett,Roy,Aldo,1993-01-07,Latvian,Kannada
48-73/43,Stuart,Mitchell,Emmett,2012-04-24,Belgian,Ndebele
17-23/20,Lexie,Richmond,Leroy,2014-08-12,Ukrainian,Italian
68-61/25,Cary,Randolph,Glendora,1984-09-22,French,Czech
10-02/95,Jeffrey,Bryan,Celsa,1997-10-02,French,Lithuanian
47-87/59,Jc,Head,Deandre,1995-05-09,Swedish,Arabic
33-90/07,Angelyn,Shelton,Cherryl,2012-01-09,Finnish,Guaraní
67-06/81,Lane,Spears,Scot,2019-01-19,Cameroonian,Pashto
16-42/67,Dwight,Baxter,Twanna,1997-02-05,British,Tsonga
44-65/11,Fidel,Rush,Michiko,2019-01-29,Spanish,Spanish
76-19/34,Rosy,Spencer,Jannet,2001-07-28,Colombian,Punjabi
22-96/10,Hang,Haynes,Tien,2017-02-16,Argentinian,German
80-70/17,Prince,Peterson,Serina,2016-05-22,British,Korean
60-47/37,Raguel,Hendricks,Maire,2002-10-09,Dominican,Chinese
28-32/45,Janiece,Frederick,Glendora,2018-09-26,Dutch,French
22-45/61,Madison,Watts,Lahoma,1993-08-09,Swedish,Kannada
57-34/61,Billye,Hicks,Oretha,1999-04-09,British,Maltese
16-60/60,Karena,Wolf,Murray,2011-07-08,Latvian,Kyrgyz
66-09/18,Raina,Carpenter,Glenn,2003-04-08,Cuban,Bosnian
60-20/83,Stacee,Hess,Gilma,2007-02-08,Mexican,Danish
81-19/09,Bobby,Crane,Terina,2019-04-20,Finnish,Estonian
48-62/16,Markita,Bridges,Lynwood,2023-02-14,Russian,Malay
27-37/31,Patricia,Abbott,Gracia,2016-09-25,Ukrainian,Swedish
97-32/68,Elroy,Alford,Erich,2015-06-12,Saudi,Zulu
49-26/64,Jeremiah,Bright,Nicolasa,1985-02-05,Cuban,French
54-44/35,Billye,Kerr,Ervin,1988-11-10,Puerto Rican,Burmese
03-86/32,Abram,Murray,Ellis,2012-03-20,Costa Rican,Assamese
72-76/74,Jama,Merrill,Tari,1982-07-27,Dutch,Gagauz
20-73/94,Glinda,James,Guillermo,1981-07-02,Australian,Burmese
65-30/71,Inocencia,Morton,Micah,2003-02-21,Belgian,Fijian
89-49/09,Wendell,Best,Aleisha,1991-10-16,Salvadorian,Tswana
52-56/94,Dwayne,Diaz,Carmina,1996-11-27,Ecuadorian,Gujarati
13-91/24,Trinidad,Waters,Tennille,2018-11-07,Australian,Indonesian
85-33/72,Berneice,Andrews,Nathaniel,2001-07-09,English,Kyrgyz
87-43/69,Hassan,Bolton,Zachary,1997-06-25,Bolivian,Italian
73-95/19,Talisha,Massey,Lucio,1994-08-06,Dominican,Greek
91-98/05,Cleo,Houston,Shantae,1996-09-19,Belgian,Belarusian
92-82/70,Kayleen,Perkins,Lavonia,2017-03-07,French,Tetum
59-29/62,Clarence,Lucas,Sung,2005-02-18,Irish,Kurdish
56-03/27,Ayanna,Andrews,Shona,1984-05-02,Venezuelan,Albanian
93-58/00,Love,Velez,Tanna,1987-03-15,Taiwanese,Mongolian
45-91/53,Lindsay,Irwin,Lyle,1997-09-28,Cambodian,Gujarati
21-56/91,Dwain,Lamb,Margit,2019-03-22,Portuguese,Danish
01-97/95,Michel,Fletcher,Caroyln,2022-02-17,Israeli,Afrikaans
48-85/09,Buford,Bullock,Dia,1985-07-03,Swedish,Kashmiri
68-98/65,Ramiro,Dawson,Morris,1992-11-20,German,English
21-84/69,Maisie,Stuart,Hyun,2005-11-12,German,Tamil
88-66/36,Elenora,Ayala,Ehtel,2010-05-24,Taiwanese,Bislama
29-92/70,Arlette,Barnes,Mercedez,2016-08-11,French,Amharic
11-15/59,Bee,Sosa,Whitney,1999-02-16,French,Maltese
62-53/56,Gerardo,Bass,Johnsie,1990-01-12,Cameroonian,Māori
78-52/85,Tamekia,Gilbert,Julio,1983-02-10,Swedish,Telugu
46-38/60,Melida,Barnett,Milagro,1990-07-05,Taiwanese,Dhivehi
03-12/41,Freddie,Phillips,Deon,2016-08-25,French,Amharic
05-25/34,Marketta,Schroeder,Darlena,1998-10-15,Dominican,Burmese
45-25/31,Garret,Walton,Jong,1999-07-26,Costa Rican,Montenegrin
36-63/58,Sherwood,Glass,Lewis,2015-09-08,Ethiopian,Tswana
24-65/91,Ailene,Christian,Arlie,2011-03-07,Spanish,Croatian
48-99/52,Joel,Johnson,Modesto,1998-09-20,French,Estonian
24-37/04,Rusty,Shaffer,Vi,1988-09-18,Puerto Rican,Somali
54-22/57,Blossom,Brady,Pa,2020-06-09,Afghan,Aymara
81-08/51,Asa,Cash,Dexter,2004-08-24,Brazilian,Afrikaans
87-43/15,Vena,Wilkins,Glayds,1998-11-28,Greek,Haitian Creole
23-02/17,Tamala,Landry,Jan,1989-03-09,Saudi,Lao
17-34/87,Lady,Mendoza,Mikki,2001-01-14,Latvian,West Frisian
64-51/06,Marvis,Cochran,Shay,2016-12-16,Uruguayan,Dhivehi
01-59/69,Omar,Glenn,Rigoberto,2016-10-07,Italian,Chinese
26-99/31,Miquel,Mann,Jacques,2004-11-12,Dominican,Kyrgyz
38-81/06,Gaynelle,Myers,Kacie,2000-05-29,Italian,Czech
13-72/17,Kacy,Coffey,Nicolasa,2013-11-04,Ecuadorian,Moldovan
49-06/40,Jeannetta,Thomas,Brittny,1982-02-06,Iranian,Nepali
57-13/20,Doug,Lee,Joana,1997-08-09,Jordanian,Romanian
89-95/23,Carlena,Howard,Jacques,2017-05-30,Taiwanese,Japanese
19-56/61,Rashad,Noble,Alvaro,2012-05-21,Latvian,Pashto
58-09/61,Torie,Wiggins,Tinisha,1989-03-07,Venezuelan,Arabic
23-24/38,Mario,Nixon,Victorina,1980-03-16,Swedish,Korean
75-64/47,Karly,Estes,Jaquelyn,1997-11-04,Salvadorian,Malayalam
22-80/55,Carl,Barron,Lawrence,1983-02-04,Swedish,Pashto
37-46/08,Jacqui,Kennedy,Jeffery,1998-11-17,Swiss,Norwegian
00-77/10,Dorsey,Hernandez,Sari,1991-12-13,Costa Rican,Oriya
29-42/08,Maple,Bond,Archie,1982-09-04,Israeli,Japanese
90-52/45,Clark,Cross,Sam,1995-03-22,Taiwanese,Kazakh
76-93/69,Genaro,Melendez,Rickie,1986-07-22,French,German
00-16/17,Man,Lambert,Marisha,2008-11-12,Costa Rican,Estonian
76-55/11,Elliott,Jones,Tomi,1981-01-02,Mexican,Kashmiri
73-94/53,Latoyia,Bruce,Layne,2023-02-23,Mexican,Bengali
11-13/64,Modesto,Mckee,Shavon,1996-04-09,Israeli,Somali
62-87/09,Charlena,Strong,Davis,1988-12-29,Italian,Croatian
79-43/57,Isaias,Robertson,Son,2002-12-05,Danish,Lao
37-82/13,Mariella,Hester,Sam,1997-08-13,British,German
62-41/50,Remedios,Workman,John,1994-03-23,Dutch,Azeri
25-05/81,Marlon,Todd,Elmo,1994-04-22,Chinese,Bulgarian
05-58/13,Lucius,Mathews,Reginald,2015-08-13,Salvadorian,Swahili
01-53/38,Millard,Howard,Wes,2023-05-28,Guatemalan,Oriya
25-84/44,Lane,Patrick,Daron,2016-06-24,Danish,Dzongkha
32-97/27,Jerry,Boyle,Freddy,1986-08-28,Danish,Thai
64-92/09,Somer,Long,Hyun,1981-12-13,Chilean,Danish
43-20/16,Johanne,Scott,Dwight,2009-09-06,German,Swedish
92-99/55,Anastacia,Benjamin,Beckie,1983-12-22,Irish,Polish
17-69/79,Odis,York,Lauryn,2014-08-08,Australian,Moldovan
38-88/04,Renay,Gardner,Lanell,1982-10-22,Belgian,Aymara
57-06/62,Lawanna,Vazquez,Kallie,1987-02-09,Dutch,Afrikaans
93-69/28,Lenna,Jarvis,Malcolm,2000-08-07,French,Tetum
79-74/83,Jamison,Bowen,Robbi,1983-06-02,Irish,Bulgarian
10-64/40,Sherill,Deleon,Chi,2004-11-09,Brazilian,French
80-28/71,Miss,Alexander,Ashanti,2004-04-18,Finnish,English
51-64/57,Clark,Williams,Reginald,2019-04-22,Colombian,Bislama
63-34/79,Seema,Estes,Spring,2023-04-25,French,Catalan
20-95/41,Wade,Best,Lloyd,1986-07-26,French,Filipino
35-10/12,Samuel,Small,Tamica,2016-01-11,Belgian,Punjabi
83-28/18,Lon,Hunt,Randa,2015-06-03,Australian,Haitian Creole
12-61/30,Blair,Mcgee,Guy,2021-11-25,German,Croatian
90-92/11,Robt,Bowman,Tasia,1996-03-04,Puerto Rican,Tajik
66-06/44,Anya,Rose,Clarinda,2011-10-01,Cambodian,Oriya
97-07/67,Maple,Fry,Tonie,1990-06-11,Russian,English
97-07/58,Ozell,Randolph,Erasmo,2013-04-07,Jordanian,Swedish
79-49/31,Skye,Foreman,Louis,2014-01-09,Dutch,German
83-17/00,Brenton,Paul,Allegra,1989-01-25,Italian,Montenegrin
54-67/17,Kimber,Ferrell,Royce,2022-08-16,Greek,Norwegian
52-98/60,Caleb,Summers,Arlie,1982-07-31,French,Azeri
02-39/98,Concha,Cabrera,Markus,1997-08-22,Portuguese,Nepali
04-01/47,Alfonzo,Conrad,Jake,1999-01-28,Portuguese,Gujarati
01-06/35,Yajaira,Perez,Kasey,2004-12-08,Salvadorian,Northern Sotho
02-90/52,Chang,Walls,Hoyt,2023-04-02,Australian,Tsonga
38-65/25,Brant,Myers,Raelene,2001-01-29,Swiss,Albanian
60-76/90,Kerry,England,Rudy,2004-04-02,Dominican,Hebrew
97-30/14,Queenie,Blevins,Sha,2017-12-24,Ukrainian,Zulu
84-99/43,Scottie,Bowen,Laverne,2015-10-27,Ethiopian,Tok Pisin
32-33/08,Lee,Lambert,Ernest,2008-12-21,Israeli,Luxembourgish
21-86/36,Hermine,Dickerson,Jordon,2022-09-08,Jordanian,Gagauz
69-64/21,Nicholas,Aguilar,Willia,2020-10-09,Swedish,Polish
50-64/20,Bulah,Lane,Gene,2006-11-15,Afghan,Dhivehi
99-39/21,Shaniqua,Silva,Yoko,1994-01-06,Danish,Lithuanian
10-21/42,Madelaine,Baird,Gabriel,2017-02-05,Israeli,Mongolian
62-97/22,Garth,Singleton,Walker,2009-05-07,Polish,Thai
67-05/43,Elinore,Nunez,Irwin,2015-07-04,Canadian,Catalan
42-65/43,Zane,Good,Jerrell,2012-08-12,British,Malagasy
77-62/91,Fredric,Ortega,Alease,1993-06-24,Israeli,Albanian
23-09/44,Micheline,Francis,Lindsay,1983-09-13,Guatemalan,Malagasy
46-02/07,Burton,Good,Eleni,2020-12-14,Taiwanese,Danish
52-55/19,Tad,Tucker,Keitha,1992-03-18,Mexican,German
54-79/45,Anthony,Sweet,Romeo,1992-10-22,Canadian,Romanian
84-76/26,Tristan,Spencer,Karmen,2017-05-24,Japanese,Czech
94-92/75,Cruz,Blankenship,Rolando,1990-12-24,British,Dari
82-79/08,Blake,Sims,Eilene,2010-01-10,Chinese,Persian
46-71/43,Selene,Boyd,Burton,2009-03-04,Cambodian,Guaraní
65-78/44,Halina,Bright,Cristen,1984-10-27,Jordanian,Zulu
12-84/89,Sherril,Mcclain,Alexander,1984-06-27,Saudi,Belarusian
86-77/09,Honey,Johnston,Niesha,2017-02-05,Venezuelan,Swati
28-26/12,Stephane,Wells,Zane,2019-11-27,Guatemalan,Czech
09-97/17,Dean,Skinner,Erick,2020-01-08,Cuban,Fijian
66-63/57,Rene,Carr,Nathan,2007-10-26,Polish,Albanian
67-12/71,Flo,Jordan,Vernetta,2007-08-11,Cameroonian,Yiddish
87-99/09,Danial,Hull,Verdie,2018-07-16,Israeli,Haitian Creole
74-05/43,Jeffie,Wilder,Philip,2016-10-19,Irish,Haitian Creole
65-83/10,Isa,Compton,Alayna,1982-11-25,Chilean,Papiamento
95-06/94,Delora,Harding,Roberto,1987-10-18,Russian,Māori
63-81/08,Jesse,Davis,Willette,2014-06-03,Australian,Afrikaans
16-02/86,Regine,Wallace,Chin,1992-06-04,Cameroonian,Albanian
12-08/74,Marya,Massey,Tyesha,2019-04-19,Israeli,Tswana
57-74/96,Jesusita,Barber,Mila,2006-09-05,Italian,Lithuanian
79-66/19,Nu,Mosley,Celena,2004-05-13,Portuguese,Maltese
67-35/72,Malcolm,Gaines,Shannon,1997-05-08,Ethiopian,Albanian
05-02/02,Toi,Combs,Cecil,1987-06-24,Puerto Rican,Hebrew
24-09/44,Maren,Washington,Julio,2008-08-13,Ukrainian,Guaraní
34-28/40,Jackqueline,Cruz,Yasmine,2003-03-20,Ecuadorian,Tajik
33-52/80,Julius,Sherman,Huey,1980-05-16,Dominican,Portuguese
33-25/22,Joeann,Rojas,Sulema,2009-05-08,Jordanian,Albanian
46-96/63,Michael,Cantu,Dave,2012-01-21,Swedish,Kyrgyz
55-92/81,Catheryn,Castillo,Ashley,1983-04-22,Brazilian,Macedonian
48-21/29,Karren,Hammond,Dwana,2012-07-09,Estonian,Kyrgyz
87-40/64,Lang,England,Madalyn,2000-03-26,German,Russian
71-92/65,Treasa,Welch,Gilbert,2004-05-04,Canadian,Dhivehi
40-35/82,Elias,Dejesus,Lorilee,2009-02-18,Ethiopian,Dutch
16-15/83,Richie,Guzman,Gwenda,1994-08-03,Colombian,Arabic
95-76/65,Jerrell,Fitzgerald,Caprice,2007-12-02,Cambodian,Moldovan
43-39/21,Lamont,Hogan,Micah,2004-01-24,Australian,Oriya
55-00/93,Emory,Frye,Lorean,1999-12-08,English,Burmese
62-28/06,Karma,Dunn,Saul,2014-03-16,Chilean,Kannada
02-08/67,Adelle,Thompson,Thanh,2016-01-20,Colombian,Afrikaans
57-25/79,Alita,Hahn,Katelin,2017-04-11,Irish,Gagauz
78-28/47,Erin,Leon,Elvis,1992-07-31,Chilean,Bislama
39-15/49,Mauricio,Bates,Lahoma,2002-04-25,Latvian,Swati
99-37/47,Antoine,Jarvis,Alonzo,1994-04-17,Cuban,Khmer
29-81/32,Lilla,Calhoun,Lanell,2011-08-14,Latvian,Finnish
87-59/51,Dirk,Blake,Sharmaine,1985-10-14,German,Mongolian
66-80/70,Cherish,David,Madie,2013-04-13,Mexican,Burmese
35-79/21,Laurice,Burch,Sachiko,1984-10-16,Dominican,German
14-10/87,Piper,Cameron,Armando,1988-12-05,Cuban,Russian
15-63/63,Morton,Warner,Newton,2011-04-24,Polish,Bengali
39-82/44,Jonathon,Booth,Nolan,1984-06-03,Swiss,Fijian
05-97/59,Deloras,Barry,Cassondra,1987-12-09,Cameroonian,Norwegian
96-07/44,Stephania,Stevenson,Sherill,1980-08-10,Polish,Korean
59-92/75,Deon,Workman,Carey,2020-01-10,Taiwanese,Polish
98-84/63,Genevie,Nunez,Eusebio,2019-02-03,Mexican,French
79-24/04,Darron,Hoover,Erasmo,1984-11-13,Estonian,Albanian
23-45/82,Lynetta,Bush,Ray,1992-04-03,Ecuadorian,Thai
49-90/80,Ramonita,Sandoval,Thaddeus,1999-06-20,Finnish,Afrikaans
41-17/19,Bethann,Shepherd,Derek,2012-03-31,Costa Rican,Tok Pisin
32-79/78,January,Medina,Eugenio,1989-07-28,Cameroonian,Belarusian
72-27/95,Ute,Buck,Kellee,2013-09-23,Italian,Tsonga
74-10/89,Monty,Mcgee,Rodolfo,1996-03-12,Mexican,Kazakh
75-80/30,Gracia,Whitley,Rick,1990-07-17,Iranian,Sotho
71-06/89,Kimiko,Fernandez,Leonardo,2007-11-22,Danish,Malayalam
31-55/16,Marget,Avery,Weldon,2003-08-24,Canadian,Gujarati
22-70/40,Stanton,Kim,Arnette,1997-05-02,Chilean,Assamese
28-16/39,Estell,Kerr,Ernie,1998-11-01,Belgian,Hungarian
82-85/52,Reanna,Espinoza,Rozella,2001-09-01,Japanese,Zulu
56-77/51,Euna,Townsend,Fabian,2010-02-24,Portuguese,Dari
50-20/99,Parthenia,Kinney,Troy,1992-06-10,Ecuadorian,Afrikaans
60-80/75,Sid,Ray,Russell,1986-10-27,Saudi,German
02-67/72,Shae,Manning,Cira,2023-02-01,Uruguayan,Thai
70-46/80,Luciano,Kim,Merrill,2000-04-20,Iranian,French
30-63/84,Michel,Rose,Barbera,2008-12-08,Cambodian,Pashto
41-31/60,Lilla,Gay,Lou,2011-02-04,Swiss,Yiddish
88-13/75,Jaymie,Woods,Yuriko,2003-04-30,Australian,German
13-13/48,Charlie,Dickson,Jerrold,2010-12-17,Venezuelan,Persian
93-65/15,Dominick,Salinas,Rickie,1982-09-17,Italian,Moldovan
49-34/97,Jules,Cruz,Ranee,2012-02-21,French,Fijian
93-86/86,Donny,Jordan,Ashlea,1996-02-20,Jordanian,Malay
74-99/84,Jarvis,Potter,Domenic,1995-02-07,Mexican,Danish
41-99/43,Zetta,Gentry,Solange,1984-12-08,Ethiopian,Estonian
53-21/98,Rosette,Wolf,Jona,2011-08-14,Irish,Kyrgyz
36-07/55,Monroe,Alston,Dorie,2003-05-13,Cameroonian,Arabic
13-27/16,Sherley,Leonard,Lasonya,2002-06-10,German,Hungarian
54-30/41,Sharri,Bruce,Daron,1984-01-26,Dominican,Kyrgyz
47-52/67,Thanh,Mills,Chas,2003-09-28,Dutch,Armenian
20-31/89,Miquel,Vang,Derick,1985-09-27,German,Haitian Creole
37-99/10,Muoi,Norton,Gonzalo,2000-06-07,Taiwanese,Amharic
31-24/04,Emeline,Camacho,Daine,1998-03-02,Argentinian,Swahili
77-82/31,Marilou,Hill,Regena,2014-04-05,Dominican,Tajik
48-90/01,Ricky,Webster,Neoma,2013-07-13,Jordanian,Dzongkha
53-81/98,Joan,Pennington,Ardelle,1982-03-27,Colombian,Icelandic
61-58/37,Jorge,Mcdaniel,Elmo,2001-10-14,Iranian,Swedish
13-59/58,Abe,Whitfield,Josiah,1997-02-09,Swiss,Macedonian
02-66/71,Hae,Hahn,Zackary,1982-05-20,Jordanian,Dutch
38-17/86,Adah,Mccall,Tereasa,1992-03-22,Cameroonian,Polish
19-74/52,Albert,Pittman,Danille,2006-11-01,Costa Rican,Fijian
02-90/52,Ema,Murray,Kyoko,2001-07-26,Estonian,Russian
20-73/08,Jayson,Mathews,Leopoldo,1986-02-10,Egyptian,Burmese
91-61/03,Jacquetta,Henson,Refugio,2023-07-10,Mexican,Hiri Motu
23-99/51,Antone,Garner,Coy,2014-05-05,Estonian,Assamese
08-06/22,Kasha,Logan,Sammie,2023-07-23,Afghan,Bosnian
72-65/45,Julienne,Craft,Reed,2010-12-15,Brazilian,Arabic
02-69/55,Lonnie,Schroeder,Jospeh,1984-12-19,Puerto Rican,Tamil
14-78/98,Gilma,Rose,Tatyana,1990-08-21,Irish,Malay
58-91/87,Zada,Mason,Eldridge,1991-04-08,Ukrainian,Tamil
22-76/95,Maryanna,Mathis,Kiley,2001-08-14,Ethiopian,Macedonian
41-16/52,Elza,Jackson,Normand,1996-05-25,Finnish,Spanish
47-47/07,Audie,Merrill,Tashina,2002-06-28,Ukrainian,Tajik
20-29/13,Josiah,Frost,Leopoldo,2012-08-03,English,Tswana
49-29/39,Gilberto,Forbes,Willard,2008-08-03,Romanian,Tswana
09-81/22,Dave,Orr,Lucius,2013-05-09,Uruguayan,Icelandic
76-22/82,Charlsie,Carrillo,Eryn,1982-01-02,Saudi,Croatian
26-61/87,Jame,Jacobs,Isaias,1985-03-18,Jordanian,Zulu
46-03/80,Caprice,Mcgowan,Philip,2010-11-14,British,Tswana
05-08/90,Vance,Valentine,Branden,1994-02-07,Uruguayan,Haitian Creole
99-66/73,Mike,Becker,Bobette,2005-06-25,Swiss,Persian
07-99/23,Roger,Cervantes,Claretha,1982-03-30,Afghan,Spanish
43-95/85,Nicolle,Pennington,Manual,1997-06-19,Guatemalan,Burmese
42-94/95,Reid,Owens,Karlyn,1982-12-16,German,German
86-75/92,Toney,Chapman,Wilford,2016-09-05,Finnish,Bulgarian
08-69/73,Lorrine,Fernandez,Marinda,2016-06-01,Japanese,Haitian Creole
98-62/27,Cecila,Rivers,Ignacio,2012-04-29,Danish,Greek
99-40/15,Max,Solis,Sol,1990-12-10,Colombian,Kurdish
02-79/51,Oren,Koch,Shanita,2015-07-09,Romanian,Luxembourgish
46-58/26,Anjelica,Lane,Eugenie,2016-11-03,Cambodian,Maltese
07-58/52,Luigi,Beard,Fredric,1984-12-03,Greek,Northern Sotho
27-56/09,Bruce,Singleton,Chas,1999-08-03,Latvian,Albanian
91-92/70,Wyatt,Randolph,Vanetta,2022-05-18,Bolivian,Ndebele
00-77/96,Julienne,Owens,Angele,1990-09-29,Chilean,Arabic
39-84/18,Millard,Vega,China,1986-03-08,Mexican,Tajik
10-54/29,Dudley,Horn,Anika,1992-06-22,Taiwanese,Catalan
90-98/68,Laronda,Williams,Dirk,2018-08-27,Danish,Somali
14-15/96,Miles,Blair,Eli,2015-02-17,Swiss,Malayalam
85-56/25,Ling,Roy,Long,1988-05-29,Dutch,Albanian
03-58/19,Myrl,Stein,Quincy,1992-01-21,Polish,Norwegian
02-25/74,Coleman,Chen,Dalila,2020-07-16,Swiss,Lao
77-82/47,Junior,Coffey,Roosevelt,2003-07-10,Taiwanese,Telugu
18-57/80,Blair,Wheeler,Matha,2023-03-01,Egyptian,Chinese
31-02/22,Lou,Dorsey,Mitchell,1994-08-30,Cambodian,Portuguese
90-41/17,Roselle,Sexton,Noah,1980-03-07,Latvian,Chinese
16-89/83,Florance,Cummings,Madie,1982-10-01,Uruguayan,Polish
68-89/65,Annika,Craig,Blaine,2010-06-02,English,Afrikaans
85-40/39,Sherley,Valencia,Santo,2006-08-25,Dutch,Thai
97-59/20,Reginald,Guerrero,Huey,2020-04-23,French,Khmer
38-62/12,Lupe,Wood,Kallie,1993-12-26,Costa Rican,Tajik
52-16/87,Garth,Battle,Albertina,1981-09-02,Iranian,Polish
26-32/12,Isaias,Pena,Billy,1992-03-05,Israeli,Albanian
44-29/93,Tyron,Curry,Shaquita,1982-03-11,British,Norwegian
62-71/44,Kelley,Castro,Andrew,2002-08-08,English,Finnish
46-38/62,Demarcus,Fitzpatrick,Yong,1988-09-15,Saudi,Marathi
85-89/68,Delmar,Anthony,Shae,1992-08-18,Chinese,Italian
71-08/85,Vincenzo,Fowler,Boris,2002-12-30,Japanese,Belarusian
64-83/86,Ivana,Webster,Lacresha,2013-12-13,Bolivian,Malagasy
71-80/27,Woodrow,Mercer,Wesley,2023-06-29,Ethiopian,Tswana
23-06/16,Aldo,Fischer,Rodrick,1990-10-24,Latvian,Papiamento
54-63/77,Anette,Warner,Rachal,1999-01-24,Dominican,Hiri Motu
18-76/91,Landon,Cote,Santo,2011-02-05,Puerto Rican,Luxembourgish
38-44/53,Allyn,Simmons,Kum,1996-12-04,Mexican,Norwegian
48-13/73,Jules,Macias,Donnell,1999-10-07,Swedish,Persian
78-76/16,Afton,Grant,Sharleen,2007-05-17,Chinese,Lao
25-33/03,Jeromy,Irwin,Concha,2004-02-22,French,Afrikaans
31-73/19,Yuriko,Bond,Estell,2001-10-19,Canadian,Tsonga
42-81/89,Kendal,Torres,Stormy,1985-02-04,Latvian,Georgian
87-74/54,Travis,Adkins,Jerrica,2000-05-31,Japanese,Indonesian
76-92/83,Mike,Williams,Faustino,2000-08-06,Latvian,Tsonga
91-10/58,Deshawn,Bradley,Allan,2019-10-24,French,Georgian
55-75/41,Lyndon,Key,Rolland,1995-09-20,Egyptian,Tsonga
90-84/24,Broderick,Simon,Jc,1982-02-09,French,Finnish
41-73/51,Willow,William,Mendy,2017-09-14,Polish,Assamese
69-11/20,Carol,Burgess,Blair,2007-07-19,Japanese,Kazakh
78-87/40,Robbie,Church,Tommie,2006-11-26,Ecuadorian,Amharic
67-01/76,Trey,Callahan,Reuben,2003-05-30,Guatemalan,Hungarian
08-27/34,Zetta,Mejia,Stacee,1980-02-28,Ecuadorian,Korean
55-68/40,Shawnda,Vargas,Lala,1994-08-17,Jordanian,Haitian Creole
29-96/93,Jose,Stewart,Brady,2002-02-03,Cuban,Marathi
04-99/27,Nicolas,Garrett,Jude,2023-09-04,Swedish,Czech
13-75/83,Wilton,Greene,Lieselotte,2001-09-20,Ukrainian,Thai
13-26/79,Kent,Hobbs,Lashay,2000-11-21,Salvadorian,Aymara
79-65/81,Jodee,Slater,Emmett,2020-10-30,Guatemalan,German
23-94/47,Dominic,Hurley,Stephania,1989-11-03,English,Croatian
85-27/09,Marlana,Swanson,Andy,2022-11-22,Uruguayan,Punjabi
35-45/16,Natosha,Mccullough,Thanh,1981-07-04,Ecuadorian,Tsonga
29-78/90,Han,Kelly,Mike,1994-04-06,Swedish,Swedish
41-94/80,Dave,Velez,Tequila,1980-06-04,Belgian,Lithuanian
64-15/41,Lynwood,Parrish,Iraida,2005-12-29,Spanish,Danish
62-57/45,Sumiko,Harrington,Benton,2006-05-08,Salvadorian,Dutch
14-26/74,Eric,Hill,Kathey,2022-03-13,Canadian,Sotho
90-36/91,Lonny,Dunn,Audrea,2000-02-03,Iranian,Romanian
56-14/54,Carolin,Phillips,Rufus,1988-01-30,Uruguayan,Dutch
41-22/93,Carletta,Wooten,Brady,1996-09-14,Finnish,Kurdish
61-08/60,Dorian,Gaines,Owen,2017-07-31,English,Finnish
86-60/90,Weldon,Owen,Jc,1994-08-13,Danish,Bulgarian
15-77/58,Thanh,Bowers,Harris,2007-08-09,Iranian,Albanian
71-06/95,Roderick,Glenn,Eliseo,2002-12-03,Chilean,Bislama
49-53/96,Chin,Mcguire,Hermila,2022-09-16,Estonian,Armenian
12-20/53,Holley,Cherry,Simon,2014-01-11,Greek,English
70-82/96,Ngoc,Vang,Delmar,2018-03-09,Cambodian,Kurdish
63-53/32,Sixta,Hudson,Kennith,2014-03-15,Chinese,Burmese
94-85/35,Kym,Hensley,Orlando,2017-10-01,Egyptian,Bosnian
37-55/21,Meg,Turner,Carola,1998-06-26,Estonian,Luxembourgish
63-29/20,Gregorio,Burks,Jamee,2001-05-29,Israeli,Telugu
42-49/00,Desmond,Rowland,Ellsworth,1984-09-13,Canadian,Zulu
44-22/58,Brooks,Gutierrez,Azucena,2017-08-12,Greek,Afrikaans
40-65/91,Malcolm,Sawyer,Shonna,2003-11-29,Australian,Mongolian
09-08/37,Yolande,Sears,Jules,1993-03-13,Chilean,Somali
31-54/24,Mallie,Martinez,Toshiko,2002-03-04,Ukrainian,Dari
97-87/09,Dorie,David,Senaida,2018-03-26,Argentinian,Moldovan
61-83/19,Gwenn,Hunter,Stephnie,2017-02-27,English,Lao
28-06/61,Williams,Moody,Jackeline,1998-02-04,Cameroonian,Northern Sotho
91-32/91,Jerrold,Herring,Amos,1999-07-26,Estonian,Hindi
85-27/07,Evelyne,Wilkerson,Israel,2009-04-06,Swedish,Norwegian
75-35/08,Jon,Rivera,Joaquin,1993-07-31,Ecuadorian,Afrikaans
75-08/33,Yung,Alford,Sharri,1986-03-11,Egyptian,Papiamento
30-57/06,Macy,Dorsey,Lance,1986-09-21,German,Kurdish
81-26/16,Tamekia,Lang,Chung,2019-05-12,Salvadorian,Malay
79-01/68,Cornell,Acosta,Ulrike,2010-06-01,Dominican,Fijian
04-12/60,Justin,Nichols,Vern,1992-06-02,Chinese,Assamese
86-67/60,Keith,Caldwell,Jules,1987-12-13,Danish,Estonian
89-56/49,Jerald,Burch,Lauryn,2016-08-11,Chilean,Dari
03-79/10,Maryalice,Potter,Gabriele,2014-03-05,Chinese,Oriya
67-57/99,Rene,Franks,Latarsha,2017-06-30,Danish,Marathi
31-25/57,Angel,Conway,Fidel,1980-06-03,Canadian,Chinese
15-76/94,Shantay,Pugh,Else,1997-03-29,Saudi,Marathi
01-53/79,Deedra,Preston,Rosario,2017-08-18,Colombian,Romanian
07-43/77,Adolfo,Fuller,Rachal,2009-11-30,Swiss,Norwegian
64-95/44,Tommie,Mcleod,Becki,1985-04-20,British,Dari
50-26/69,Abel,Todd,Zulma,1993-11-24,Portuguese,Indonesian
56-04/12,Michel,Golden,Luba,2021-09-11,Dominican,Māori
17-33/08,Curtis,Mendez,Arlie,1992-11-18,Uruguayan,Dzongkha
02-86/89,Elayne,Ballard,Marcene,1995-07-09,Dominican,Hebrew
09-61/24,Keith,Leach,Ardella,1982-10-03,Iranian,Maltese
19-61/20,Emelda,Little,Stefania,1996-12-09,British,Greek
04-34/63,Arnita,Robbins,Dee,2023-03-02,Chinese,Tsonga
84-55/52,Evan,Guthrie,Thomasine,2021-04-07,English,Yiddish
46-79/24,Emmett,Duran,Jaleesa,1983-05-23,Russian,Dari
16-70/44,Raelene,Pearson,Arnita,2012-11-11,Guatemalan,Hindi
77-19/63,Thu,Delaney,Stuart,2012-03-25,Saudi,Dhivehi
50-15/53,Roman,Bell,Humberto,1980-12-15,Venezuelan,Azeri
61-22/66,Jeramy,Griffin,Chauncey,2006-11-23,Saudi,Kannada
03-33/03,Ngoc,Coleman,Darwin,1991-11-25,Danish,English
37-15/97,Colby,Spears,Sharita,2011-03-18,Portuguese,Luxembourgish
72-13/81,Norah,Woodward,Hien,1984-12-19,Guatemalan,Spanish
10-29/02,Risa,Wilcox,Apryl,1982-06-02,Puerto Rican,Dhivehi
54-31/80,Jared,Stafford,Refugia,2021-10-20,Finnish,Portuguese
15-55/20,Erin,Stevens,Jorge,2021-01-31,Ukrainian,Gujarati
91-53/47,Donnell,Summers,Toney,2000-09-12,Ukrainian,Burmese
75-41/13,Horace,Weber,Dong,2019-12-28,Cameroonian,Tamil
05-51/01,Sol,Conway,Hien,2012-11-18,Saudi,Spanish
88-81/93,Lannie,Stephenson,Lang,2007-08-04,Canadian,Kannada
57-53/46,Kera,Cunningham,Regan,2006-04-01,Belgian,Estonian
34-85/23,Dudley,Rocha,Lucien,1995-03-09,Portuguese,German
81-18/11,Natalya,Ortega,Gwyn,1990-05-09,Cuban,Dhivehi
91-38/83,Jeremy,Daniels,Aubrey,1999-06-11,Salvadorian,Latvian
32-07/50,Mikki,Silva,Tiesha,2016-02-14,Puerto Rican,Albanian
35-89/63,Catherin,Romero,Cherilyn,1983-09-15,Latvian,Catalan
78-56/73,Hung,Murray,Hugo,1984-08-23,Italian,Tajik
06-68/72,Maybell,Bates,Lenny,1997-09-17,Cameroonian,Kashmiri
45-00/74,Frank,Sanders,Diego,1980-07-07,Dominican,Khmer
03-05/04,Mitchel,Elliott,Walker,1999-09-08,Afghan,Spanish
57-20/57,Leonie,Mosley,Maisie,1980-01-22,Taiwanese,Persian
57-75/52,Ty,Callahan,Latrisha,2013-01-21,Romanian,Montenegrin
36-45/25,Tuan,Beasley,Azucena,2023-06-02,Greek,Portuguese
15-44/86,Rosendo,Kerr,German,2023-06-21,Uruguayan,Northern Sotho
09-31/16,Warren,Velasquez,Cristobal,1980-04-20,Argentinian,Norwegian
93-11/12,Blake,Fitzpatrick,Nathan,1994-03-22,Japanese,Burmese
52-51/71,Boris,Keith,Pearlene,2011-10-12,Afghan,Swahili
69-55/10,Rolando,Simon,Paul,1998-01-14,Ecuadorian,Bulgarian
54-53/02,Lachelle,Flynn,Ayesha,2007-02-25,Latvian,Hungarian
29-09/11,Forrest,Davis,Jere,1997-09-02,Egyptian,Northern Sotho
80-04/73,Jolyn,Golden,Veta,1999-02-07,Danish,Hungarian
14-08/12,Andrew,Dennis,Sage,1996-12-13,Italian,Azeri
81-56/57,Elton,Mason,Clarence,1983-09-16,Cameroonian,West Frisian
81-60/04,Adrian,Gonzales,Keila,2001-07-11,Italian,Polish
18-56/90,Wilford,Guerra,Minda,1981-07-13,Puerto Rican,Bosnian
35-82/06,Chun,Medina,Dane,2007-10-20,Japanese,Bosnian
64-16/49,Reita,Lopez,Eleni,2004-05-25,Cameroonian,Bislama
09-77/03,Zackary,Barnes,Shona,2019-06-07,German,Japanese
21-54/36,Elene,Garcia,Tyson,2009-09-06,Saudi,Mongolian
14-82/92,Jonas,Padilla,Arthur,2012-03-10,Swiss,Armenian
28-05/76,Vallie,West,Lonnie,2003-07-08,Costa Rican,Macedonian
22-15/19,Cruz,Bentley,Michel,2008-04-04,Mexican,Kashmiri
94-40/58,Dwayne,Langley,Dewey,2013-05-21,Guatemalan,English
11-79/88,Apryl,Lindsey,Annis,1986-04-05,Saudi,Czech
96-39/48,Danyell,Alston,Jackie,1987-12-17,Guatemalan,Kurdish
27-63/92,Deadra,Stuart,Janean,1995-02-21,Saudi,Bengali
35-53/77,Jaleesa,Wolf,Karima,2005-07-11,Mexican,Swedish
93-89/26,King,Cardenas,Luba,1994-05-19,Cambodian,Persian
93-82/43,Rema,Mack,Eduardo,2012-09-26,Polish,Māori
80-59/16,Bee,Mullins,Torri,1986-12-21,Venezuelan,Hiri Motu
54-60/86,Grayce,Stephens,Tiffaney,2022-08-27,Cambodian,Tswana
83-05/78,Kennith,Holland,Ula,1986-04-27,Cuban,Swahili
06-35/18,Lawanna,Stafford,Terresa,1984-07-26,Irish,Dzongkha
89-90/00,Sachiko,Foley,Otha,2005-03-10,Swiss,Kannada
33-11/31,Laurena,Talley,Stuart,2022-04-22,Cuban,Russian
74-96/04,Lilliam,Wilkerson,Leo,2005-10-06,Uruguayan,Azeri
43-56/50,Ryan,Welch,Risa,1983-12-22,Afghan,German
09-06/26,Emil,Adams,Scotty,2021-04-04,Romanian,Telugu
61-62/14,Willena,Sharp,Karl,2014-05-04,Spanish,Maltese
01-41/40,Maryln,Pittman,Ramon,2017-12-13,Chinese,Polish
64-63/97,Tonita,Mitchell,Horacio,2010-10-19,Puerto Rican,Mongolian
19-62/65,Garry,Ayers,Misha,2007-10-16,Jordanian,Hiri Motu
69-60/35,Harlan,Parker,Macie,2022-05-13,Mexican,Kashmiri
14-18/65,Reuben,Craig,Lilliana,2002-07-27,Portuguese,Korean
53-11/31,Vince,Dalton,Micha,1996-03-30,Dominican,Italian
10-77/22,Tyler,Guerra,Isiah,2005-05-30,Bolivian,Danish
97-87/47,Efren,Summers,Porsche,2015-12-24,Spanish,Catalan
42-18/63,Maira,Johnston,Ranae,1998-02-18,Spanish,Filipino
14-21/38,Ethyl,York,Linsey,1983-04-20,German,Amharic
20-62/08,Emil,Jackson,Parthenia,1994-01-28,Ethiopian,Bislama
66-46/00,Verdell,Ortega,Terry,1993-03-01,Uruguayan,Spanish
11-57/18,Moses,Walls,Setsuko,1999-08-11,Irish,Bulgarian
89-62/97,Leeanna,Swanson,Dwain,2011-01-18,Egyptian,Swedish
31-19/07,Cortez,Peck,Shawnda,1995-04-28,Argentinian,Quechua
71-65/81,Maximina,Conrad,Perry,1994-08-30,Cameroonian,Persian
95-79/79,Lien,Velez,Ivan,2020-12-24,Italian,Aymara
03-75/84,Odell,Bullock,Randal,2010-10-17,Venezuelan,Dutch
20-80/27,Dalton,Melton,Gail,2010-03-11,Greek,Malagasy
28-77/13,Dick,Joseph,Dennis,2019-06-06,Taiwanese,West Frisian
50-45/18,Marine,Sloan,Winfred,2023-04-08,Ukrainian,Persian
48-16/86,Oliver,Coffey,Ellyn,1990-07-20,Danish,Tajik
62-80/70,Ty,Mcguire,Jose,1984-12-03,Chinese,Bislama
92-38/58,Edmundo,Alexander,Barrett,2016-02-12,Salvadorian,Georgian
70-99/43,Betsey,Mendez,Bobbie,1998-07-24,Ecuadorian,Dhivehi
47-66/62,Earl,Spencer,Elijah,1992-06-17,Japanese,Kannada
75-70/19,Katharina,Dorsey,Ngoc,2005-11-10,Ukrainian,Luxembourgish
11-36/45,Norris,Carney,Leana,1990-05-05,Ethiopian,Northern Sotho
89-23/76,Stacey,Mayo,Angelyn,1995-12-06,Israeli,Persian
02-17/96,Jerald,Estrada,Wenona,2012-01-22,Swiss,Afrikaans
88-32/01,Enrique,Macias,Harvey,1986-03-10,Ecuadorian,Hindi
49-99/75,Monty,Wallace,Demetrius,1986-02-18,Swedish,Burmese
82-01/89,Angeles,Johnson,Sharen,1981-05-30,Cameroonian,Punjabi
46-60/25,Monte,Malone,Rozella,2022-07-21,Latvian,Georgian
66-92/42,Ellsworth,Swanson,Calvin,2005-06-09,Portuguese,Malayalam
64-92/36,Theresia,Moses,Jay,1987-02-18,Argentinian,Hungarian
27-62/87,Isela,Gomez,Kemberly,1997-03-12,Japanese,Bislama
01-73/29,Alex,Evans,Diedre,1981-08-17,Spanish,Yiddish
27-45/30,Margart,Medina,Jeffrey,2008-02-07,Venezuelan,Swedish
33-52/08,Bernardine,Casey,Sena,2009-01-16,Afghan,Irish Gaelic
88-58/93,Cecil,Velasquez,Clyde,1983-11-14,Salvadorian,Swedish
75-15/08,Demetrius,Murray,Thurman,1999-01-02,British,Tajik
47-56/53,Boyce,Bean,Eric,1997-08-15,German,Khmer
49-58/16,Elias,Park,Charley,2017-07-11,Ethiopian,Dutch
78-91/63,Emerita,Blevins,Johanne,2014-06-08,Puerto Rican,Yiddish
98-15/83,Michal,Hansen,Ali,2018-07-21,Iranian,Kurdish
07-04/58,Billy,Boyd,Marilou,1981-07-18,Saudi,Belarusian
71-95/42,Lenard,Greene,Tristan,2002-06-08,Saudi,Mongolian
81-85/32,Wilson,Manning,Venice,2019-07-23,Polish,Polish
74-96/47,Alise,Cooper,Fernando,1981-12-10,Afghan,French
31-78/83,Arlinda,Dixon,Lynwood,2004-09-22,Australian,Italian
27-01/66,Ha,Vaughan,Quinn,1982-04-19,Israeli,Norwegian
95-02/59,Randolph,Prince,Aleen,1984-01-23,Colombian,Norwegian
23-86/17,Peg,Weiss,Victor,1992-01-29,Irish,Papiamento
20-60/03,Chia,Davidson,Eladia,2022-05-29,Spanish,Czech
38-51/30,Patricia,Rowland,Alonso,2010-12-01,Belgian,Yiddish
16-76/44,Shenika,Brown,Rolf,2004-08-24,Uruguayan,Gagauz
96-22/98,Kelley,Vaughan,Gwenn,1982-05-05,Dominican,Aymara
59-44/42,Nick,Stewart,Mose,2001-08-02,Chinese,Oriya
71-64/09,Sadye,Suarez,Herbert,1988-08-17,Jordanian,Icelandic
61-41/00,Wesley,Silva,Margeret,2023-08-25,Mexican,Albanian
99-09/30,Eric,Mullins,Rickey,2020-11-15,Canadian,Yiddish
91-28/97,Jarod,Woodward,Carylon,1982-08-19,Belgian,Quechua
18-19/75,Joel,Valenzuela,Logan,1986-11-27,Venezuelan,Malagasy
52-38/84,Zachary,Frazier,Miguelina,2018-03-09,Estonian,Pashto
68-92/40,Heriberto,Cummings,Tora,1992-05-23,Puerto Rican,Japanese
80-42/38,Tianna,Soto,Sylvester,2004-11-19,Ukrainian,Romanian
65-39/04,Marty,Blankenship,Meg,2006-04-26,Colombian,Tamil
21-04/71,Elisha,Crane,Ralph,2021-05-26,Colombian,Estonian
30-05/04,Lester,Duffy,Dann,1998-09-16,Mexican,Aymara
05-13/39,Latrina,Huffman,Marion,1993-05-25,Chinese,Mongolian
59-93/86,Dierdre,Bradshaw,Madison,2006-03-22,Costa Rican,Nepali
01-29/34,Olin,Weaver,Thanh,2009-09-24,Brazilian,Tsonga
62-03/76,Mahalia,Hudson,Jay,2015-12-23,Ethiopian,West Frisian
81-59/99,Theo,Weiss,Filiberto,2014-02-20,Brazilian,Chinese
59-46/53,Blake,Sears,Malcolm,2005-10-11,Finnish,Azeri
04-17/41,Eulah,Bradshaw,Daysi,2014-10-10,Afghan,Luxembourgish
62-15/97,Latrisha,Mccormick,Erik,1980-10-01,Latvian,Armenian
41-86/05,Mendy,Sanders,Garfield,1994-04-11,Cambodian,Telugu
25-41/57,Prince,Stanton,Chere,1990-08-12,Puerto Rican,Montenegrin
35-32/81,Alaine,Farrell,Julienne,2001-08-02,Chilean,Persian
70-70/78,Brande,Carson,Tony,2002-03-02,Swiss,Norwegian
78-00/19,Han,Sexton,Daryl,2011-03-06,Costa Rican,Amharic
59-57/53,Janella,Petty,Shena,2005-11-22,Afghan,Tamil
10-38/86,Gregorio,Mccormick,Dorethea,1995-02-27,Argentinian,Portuguese
41-65/65,Claud,Hendricks,Maddie,1982-08-24,Canadian,Korean
26-77/85,Burt,Miranda,Tonisha,2013-08-01,Chilean,Tok Pisin
68-68/04,Loren,Phillips,Marx,1992-01-29,Cameroonian,Korean
78-98/34,Genia,Sloan,Cythia,1988-07-15,Canadian,Burmese
10-93/99,Shavon,Bauer,Dwain,2011-03-29,Dominican,Gagauz
02-76/04,Laticia,Fry,Maye,2009-11-15,Italian,West Frisian
29-04/10,Dakota,Kim,Mitsue,2023-07-15,Saudi,Aymara
07-35/47,Jacques,Hoffman,Ivana,2015-07-15,Australian,Bosnian
30-09/74,Noe,Talley,Simon,1992-03-31,Cambodian,Hiri Motu
58-36/51,Gregg,Tate,Gita,2002-03-06,Saudi,Croatian
10-88/71,Johanne,Shannon,Leroy,2014-11-12,Swedish,Azeri
79-50/29,Ngan,Britt,Curtis,1986-05-19,Uruguayan,Polish
86-94/38,Alan,Patterson,Terrance,1981-10-06,Latvian,Tetum
06-06/61,Youlanda,Warner,Kerstin,2021-12-08,Argentinian,Tsonga
03-14/56,Terresa,West,Mitchell,2002-10-29,Chinese,Nepali
13-12/35,Elmer,Becker,Jalisa,2001-12-27,Costa Rican,Khmer
02-70/77,Ashlea,Dodson,Daniel,1986-02-04,Italian,Indonesian
70-83/48,Britteny,Berger,Thomas,2001-10-21,Chinese,Kyrgyz
27-02/33,Stefania,Foley,Tod,2011-09-30,Saudi,Aymara
86-42/16,Ethyl,O'neil,Walker,2000-08-03,Portuguese,Lithuanian
03-54/18,Raye,Copeland,Sherill,1996-12-30,Chilean,German
11-10/34,Roy,Collins,Coralie,1993-10-04,French,Tswana
56-97/06,Elvin,Bonner,Isaias,1988-05-09,Ethiopian,Kurdish
84-20/28,Kathrin,Fleming,Guadalupe,1992-11-14,German,Portuguese
56-44/93,Randal,Stokes,Lon,1991-05-25,Cameroonian,Bengali
78-88/22,Ramonita,Golden,Kenton,2003-05-24,Brazilian,Malagasy
18-24/65,Manuel,Goodman,Evelynn,1991-01-22,Cameroonian,Azeri
80-50/97,Concha,Humphrey,Ossie,1987-02-27,Japanese,Albanian
50-68/16,Ayana,Newman,Louis,2018-12-10,Ethiopian,Luxembourgish
54-32/77,Katlyn,Griffith,Coralee,1981-05-13,Taiwanese,Estonian
80-33/31,Jerlene,Parks,Trang,2002-12-08,Dutch,Japanese
55-05/74,Yasmine,Hull,Ressie,1998-07-05,Belgian,Haitian Creole
45-87/22,Monroe,Sharp,Laverna,2005-08-23,Belgian,Arabic
26-38/96,Sadye,Griffith,Zachery,1999-07-09,Ecuadorian,Afrikaans
67-34/60,Burt,Swanson,Royce,1993-11-23,British,Thai
73-85/58,Weldon,Benton,Whitney,1986-01-07,Swiss,Hungarian
27-49/39,Shera,Bradford,Alise,2012-08-10,Guatemalan,Portuguese
83-94/22,Glinda,Leonard,Emelda,2010-09-20,Puerto Rican,Lithuanian
23-96/17,Wally,Bennett,Phung,1995-06-07,Russian,Estonian
97-73/68,Fabian,Aguilar,Quincy,1993-06-26,Swiss,Bengali
73-84/67,Milan,Christensen,Marianela,1990-02-26,Belgian,Dari
15-22/65,Archie,Dixon,Dick,2023-09-15,Mexican,Afrikaans
67-98/60,Marion,Flores,Alvera,1982-08-16,Afghan,Estonian
61-77/04,Laurence,Kidd,Wendell,1997-09-10,Mexican,Russian
68-27/96,Quincy,Parrish,Shad,2020-05-22,Irish,Haitian Creole
06-73/50,Veola,Bernard,Floyd,2019-06-11,Latvian,Moldovan
09-69/65,Agueda,Benson,Alfonso,2001-09-20,Argentinian,Hindi
47-01/75,Dwight,Boyd,Dominica,2002-03-04,Estonian,Kashmiri
49-31/83,Francisco,Farmer,Lala,1988-12-12,Iranian,Tsonga
81-28/46,Valeri,Sampson,Lelah,1994-11-21,Guatemalan,Mongolian
55-25/30,Judson,Dean,Donovan,2007-12-04,Taiwanese,Filipino
33-85/86,Zachery,Pollard,Salvador,2012-09-19,Afghan,Tswana
23-53/55,Darren,Frye,Elke,2018-03-22,Cuban,Kurdish
29-58/93,Agustin,Charles,Katharina,2023-04-02,Irish,Portuguese
69-28/06,Denita,Levy,Taisha,1988-11-27,German,Danish
86-09/34,Julio,Frost,Emerita,2018-07-06,Irish,Swati
43-09/41,Thu,Wise,Brent,1994-06-19,Russian,Lithuanian
11-02/92,Mike,Beach,Gaston,1987-08-01,Canadian,Assamese
34-58/50,Laure,Blanchard,Tiffiny,1980-07-01,Cambodian,Sotho
40-99/67,Joe,Dawson,Santiago,2023-09-18,English,Spanish
46-54/06,Myrle,Mcclain,Harvey,2003-05-11,Romanian,Russian
28-07/34,Renda,Newton,Timothy,2008-05-19,Afghan,Romanian
70-94/10,Digna,Christian,Lavonna,2007-08-09,Saudi,Bengali
62-49/22,Shaunta,Nolan,Kerstin,1989-02-25,Belgian,Malagasy
75-67/87,Jon,Fry,Kelley,1986-09-04,Salvadorian,Maltese
49-39/16,Nyla,Ruiz,Bernard,2019-04-01,Latvian,Georgian
49-39/52,Terry,Petersen,Ailene,2007-12-21,Spanish,Luxembourgish
77-11/71,Del,Vang,Elwood,2020-02-05,Chinese,Telugu
21-72/65,Lonnie,Lynch,Roy,2008-09-14,Israeli,Sotho
94-76/12,Erasmo,Walker,Shawnta,2023-03-05,Danish,Guaraní
27-28/74,Tobias,Rivera,Delena,2020-10-21,Portuguese,Kazakh
43-29/58,Brock,Hayes,Ashli,1988-05-02,Ecuadorian,Quechua
40-27/88,Hosea,Lindsey,Lashay,1983-03-10,Spanish,West Frisian
38-19/94,Calandra,Buchanan,Roman,2011-09-05,Romanian,Croatian
85-38/39,Stasia,Ruiz,Francesco,2014-09-08,Dominican,Armenian
39-54/29,Robt,Hurley,Pierre,1985-08-26,Estonian,Ndebele
75-39/57,Jeromy,Leach,Anastacia,1981-08-27,Irish,Maltese
79-81/65,Apryl,Miller,Melany,2020-07-19,Cameroonian,French
91-17/54,Santos,Dorsey,Gerry,2013-02-13,Chinese,Aymara
00-98/62,Latoria,Guy,Frankie,2021-09-21,Chilean,Aymara
40-93/35,Cletus,Carey,Morgan,1999-09-15,Puerto Rican,Maltese
83-19/22,Valentin,Myers,Emery,1999-06-28,Russian,Hebrew
92-60/46,Pedro,Sargent,Edyth,2010-03-08,Colombian,Hebrew
70-75/55,Barbera,Burch,Willian,1984-03-11,Jordanian,Georgian
26-39/80,Gianna,Faulkner,Giovanni,1986-08-08,Dutch,Oriya
65-01/86,Bruce,Serrano,Keeley,2010-08-09,Egyptian,Kashmiri
99-98/21,Ezequiel,Lester,Doretta,2011-11-10,Ukrainian,Albanian
55-09/15,Avery,Harrison,Lynwood,2014-04-15,Irish,Swati
89-90/75,Clarine,Ward,Collene,2003-12-21,Japanese,English
75-41/43,Jerrold,Dudley,Madelaine,1997-02-24,Polish,Russian
45-18/69,Emilee,Garner,Lorita,2006-07-21,German,Moldovan
37-73/96,Marchelle,Monroe,Arron,1993-02-20,Latvian,Bislama
06-92/42,Lurline,Conrad,Ariane,1986-07-28,Iranian,Swahili
27-12/01,Deloise,Crane,Nerissa,1992-11-24,Portuguese,Dari
10-68/08,Burton,Koch,Marcelo,1989-04-14,Chinese,Luxembourgish
12-22/64,Carey,Horn,Marlon,2009-06-18,Italian,Ndebele
30-95/05,Max,Gillespie,Brant,1983-10-03,French,Japanese
13-33/25,Francisco,Cervantes,Sharika,1985-10-20,Romanian,German
00-84/74,Val,Simmons,Mirella,2002-06-07,Ecuadorian,Albanian
16-54/99,Chi,Beach,Abraham,1999-07-19,Venezuelan,Swati
92-82/97,Ginette,Hart,Justin,2007-05-03,Irish,Dutch
98-99/13,Eldridge,Smith,Federico,1987-07-27,German,Kannada
98-43/44,Derick,Terry,Markus,1993-03-16,Estonian,Guaraní
19-79/22,Sydney,Patton,Dwayne,2008-06-27,Taiwanese,Haitian Creole
78-24/27,Frankie,Nolan,Nickolas,1982-03-26,Australian,Russian
60-97/39,Chi,Sparks,Krysta,2017-10-20,Greek,Dhivehi
16-55/81,Annita,Barrett,Adah,1997-02-16,Greek,Hiri Motu
20-03/24,Rodger,Nolan,Galina,2006-04-22,Israeli,Lao
78-48/90,Merlyn,Gross,Lachelle,1983-09-28,Portuguese,Zulu
41-78/06,Laree,Delacruz,Ali,2000-04-10,Afghan,Zulu
11-48/17,Val,Golden,Alejandrina,2023-08-30,Israeli,Pashto
91-26/84,Sharri,Koch,Elwood,2016-03-25,Dominican,Mongolian
84-46/42,Donnie,Pennington,Sharita,2010-09-26,Guatemalan,Estonian
21-12/62,Dakota,Baxter,Louetta,2022-11-04,Swiss,Zulu
97-89/11,Christinia,Espinoza,Elden,2014-05-09,Dominican,Yiddish
92-54/93,Perry,Herman,Amina,2018-12-24,Salvadorian,Greek
88-86/07,Abe,Leonard,Savanna,2007-04-01,Costa Rican,Croatian
19-66/78,Deandre,Clayton,Isiah,2006-12-31,Greek,Arabic
48-65/43,Mike,Carpenter,Katheleen,1994-07-27,Australian,Hindi
49-32/18,Kirby,Hall,Kali,2005-01-11,Cambodian,Punjabi
01-44/48,Ronny,Ochoa,Jesus,2000-07-12,Canadian,Haitian Creole
20-80/11,Tova,West,Basil,1998-07-16,Ecuadorian,Irish Gaelic
15-81/49,Wendell,Wagner,Willena,2000-07-03,Ethiopian,Tetum
76-07/30,Boyce,Price,Eleonore,2017-08-26,Irish,Oriya
55-78/37,Joya,Wise,Suanne,2003-07-12,French,Czech
68-43/37,Elmer,Barber,Stacee,2010-01-17,Finnish,Chinese
17-61/97,Alyse,Meyers,Rosario,1982-12-18,Argentinian,Finnish
10-23/50,Tommy,Rogers,Kyle,2005-08-09,French,Kazakh
85-61/58,Peg,Vega,Dudley,1998-04-12,Iranian,Pashto
36-24/33,Norman,Nichols,Willard,2002-07-31,Israeli,Polish
05-43/20,Branden,Burch,Salena,2014-04-19,Colombian,Quechua
49-35/73,Caleb,Snider,August,1988-05-25,Guatemalan,Thai
40-49/72,Kenda,Harrell,Coy,1999-02-17,Uruguayan,Belarusian
